{
  "corr": {
    "B_G": {
      "pearson": -0.2919636010089558,
      "spearman": -0.33109060882731833
    },
    "B_P": {
      "pearson": -0.12630307825155718,
      "spearman": 0.10594876248371689
    },
    "B_L": {
      "pearson": -0.3269056859926921,
      "spearman": -0.04722101606600087
    },
    "delta_G_sq": {
      "pearson": -0.33543415693842893,
      "spearman": -0.23334843441287062
    },
    "delta_P_sq": {
      "pearson": 0.05550988114153892,
      "spearman": 0.255427702996092
    },
    "delta_L_sq": {
      "pearson": -0.33205334828341715,
      "spearman": -0.16869300911854102
    }
  },
  "model_a": {
    "n": 48,
    "p": 5,
    "r2": 0.2905472574949054,
    "adj_r2": 0.20608859767287036,
    "intercept": -1.121728233723746e-16,
    "standardized_coef": {
      "log_B_G": -0.47641615332566783,
      "log_B_P": -0.2367100600869806,
      "cos_G_P": 0.15061337859451357,
      "log_n_c": -0.2635215272582935,
      "baseline_loss": -0.09662333964240807
    },
    "vif": {
      "log_B_G": 1.1410609578429458,
      "log_B_P": 1.5914609431784366,
      "cos_G_P": 1.1141272790030907,
      "log_n_c": 1.8014721017830742,
      "baseline_loss": 2.7253748863257385
    }
  },
  "model_b": {
    "n": 48,
    "p": 4,
    "r2": 0.24382592058372032,
    "adj_r2": 0.17348414575429894,
    "intercept": -1.1217282337237457e-16,
    "standardized_coef": {
      "log_B_G": -0.4336810195049864,
      "log_B_L": -0.07663031462667987,
      "log_n_c": -0.27250219069358816,
      "baseline_loss": -0.24466861650067542
    },
    "vif": {
      "log_B_G": 1.3515040253937494,
      "log_B_L": 1.475619192345266,
      "log_n_c": 1.933565683086714,
      "baseline_loss": 2.6080176910704855
    }
  }
}