{
  "num_runs": 4,
  "experiments": {
    "A": {
      "runs": 1,
      "final_acc_old_mean_after_mean": 0.3747841155523624,
      "final_acc_current_after_mean": 0.9287664432861752,
      "min_delta_agg_old_mean_mean": -0.35877899963022736
    },
    "B": {
      "runs": 1,
      "final_acc_old_mean_after_mean": 0.28048662799385854,
      "final_acc_current_after_mean": 0.9798957557706627,
      "min_delta_agg_old_mean_mean": -0.39661898569570875
    },
    "C": {
      "runs": 1,
      "final_acc_old_mean_after_mean": 0.3430780288939002,
      "final_acc_current_after_mean": 0.9811367585008687,
      "min_delta_agg_old_mean_mean": -0.4057217165149545
    },
    "D": {
      "runs": 1,
      "final_acc_old_mean_after_mean": 0.37898222283761324,
      "final_acc_current_after_mean": 0.8905435591958303,
      "min_delta_agg_old_mean_mean": -0.36070726074279635
    }
  }
}